sample_id,text,true_label_id,true_label,svm_pred_id,svm_pred_label,svm_source,bilstm_pred_id,bilstm_pred_label,prob_clean,prob_offensive,prob_hate,svm_correct,bilstm_correct,comparison_group,text_len_chars,text_len_tokens,bilstm_oov_rate,toxic_keyword_count
43,Phét,0,CLEAN,2,HATE,loaded_artifact,0,CLEAN,0.78934645652771,0.008637085556983948,0.20201639831066132,False,True,bilstm_right_svm_wrong,4,1,0.0,0
1904,Nhung,0,CLEAN,2,HATE,loaded_artifact,0,CLEAN,0.4636594355106354,0.08487898856401443,0.4514616131782532,False,True,bilstm_right_svm_wrong,5,1,0.0,0
1728,Gan vđ,0,CLEAN,1,OFFENSIVE,loaded_artifact,0,CLEAN,0.9528349041938782,0.02109019085764885,0.026074867695569992,False,True,bilstm_right_svm_wrong,6,2,0.0,1
338,Lên vl luôn,0,CLEAN,1,OFFENSIVE,loaded_artifact,0,CLEAN,0.9998966455459595,9.021809819387272e-05,1.3119991308485623e-05,False,True,bilstm_right_svm_wrong,11,3,0.0,1
1812,Lộn cái là,0,CLEAN,1,OFFENSIVE,loaded_artifact,0,CLEAN,0.8091431856155396,0.12580184638500214,0.06505502015352249,False,True,bilstm_right_svm_wrong,10,3,0.0,1
2930,Đau não😂,0,CLEAN,2,HATE,loaded_artifact,0,CLEAN,0.4495697319507599,0.1738249957561493,0.37660521268844604,False,True,bilstm_right_svm_wrong,8,3,0.0,1
5617,Chán😅😅,0,CLEAN,1,OFFENSIVE,loaded_artifact,0,CLEAN,0.9996875524520874,0.0003116894804406911,8.515257832186762e-07,False,True,bilstm_right_svm_wrong,6,3,0.0,1
6120,Ưa đập hi,0,CLEAN,1,OFFENSIVE,loaded_artifact,0,CLEAN,0.9950425624847412,0.0035079417284578085,0.0014494825154542923,False,True,bilstm_right_svm_wrong,9,3,0.0,1
5207,chuẩn vlon anh ưiii,0,CLEAN,1,OFFENSIVE,loaded_artifact,0,CLEAN,0.9878072142601013,0.011188765056431293,0.0010040084598585963,False,True,bilstm_right_svm_wrong,19,4,0.0,3
602,Cô hồn nha mấy đứa,0,CLEAN,2,HATE,loaded_artifact,0,CLEAN,0.9991087317466736,7.096015906427056e-06,0.000884082168340683,False,True,bilstm_right_svm_wrong,18,5,0.0,3
793,mắc mợt á :<,0,CLEAN,1,OFFENSIVE,loaded_artifact,0,CLEAN,0.9997478127479553,0.0001704856549622491,8.172794332494959e-05,False,True,bilstm_right_svm_wrong,12,5,0.2,1
2045,ad muốn rửa bát bẩn,0,CLEAN,2,HATE,loaded_artifact,0,CLEAN,0.9965202808380127,0.0005282356287352741,0.002951396629214287,False,True,bilstm_right_svm_wrong,19,5,0.0,3
2138,Cái lông mày hơi khác,0,CLEAN,2,HATE,loaded_artifact,0,CLEAN,0.8448027968406677,0.00163490348495543,0.1535622477531433,False,True,bilstm_right_svm_wrong,21,5,0.0,4
2141,Thề coi giải trí vl,0,CLEAN,1,OFFENSIVE,loaded_artifact,0,CLEAN,0.9768818020820618,0.020339827984571457,0.0027783517725765705,False,True,bilstm_right_svm_wrong,19,5,0.0,3
2392,Thằng cường nói k sai,0,CLEAN,2,HATE,loaded_artifact,0,CLEAN,0.9985230565071106,7.785787602188066e-05,0.001399152330122888,False,True,bilstm_right_svm_wrong,21,5,0.0,3
5995,hoa cmn hậu luôn !,0,CLEAN,1,OFFENSIVE,loaded_artifact,0,CLEAN,0.7311128377914429,0.2685854732990265,0.0003016980772372335,False,True,bilstm_right_svm_wrong,18,5,0.0,2
6168,15:03 Cuoi ia,0,CLEAN,1,OFFENSIVE,loaded_artifact,0,CLEAN,0.9974621534347534,0.0004014508449472487,0.0021364379208534956,False,True,bilstm_right_svm_wrong,13,5,0.0,2
112,Nghĩ mà chán :)),0,CLEAN,1,OFFENSIVE,loaded_artifact,0,CLEAN,0.6044053435325623,0.3935507833957672,0.002043942455202341,False,True,bilstm_right_svm_wrong,16,6,0.0,1
145,Lại thêm một con khoác lác,0,CLEAN,2,HATE,loaded_artifact,0,CLEAN,0.8843647241592407,0.03289062902331352,0.08274459838867188,False,True,bilstm_right_svm_wrong,26,6,0.0,2
1825,Tận lực tận tâm với nghề,0,CLEAN,1,OFFENSIVE,loaded_artifact,0,CLEAN,0.9807250499725342,0.01812303066253662,0.0011519266990944743,False,True,bilstm_right_svm_wrong,24,6,0.0,0
2261,Cộng sản nói về Trần Dần,0,CLEAN,2,HATE,loaded_artifact,0,CLEAN,0.9996010661125183,2.941364436992444e-05,0.0003695456252899021,False,True,bilstm_right_svm_wrong,24,6,0.0,2
2373,Mỹ giúp chứ ai vào đây,0,CLEAN,2,HATE,loaded_artifact,0,CLEAN,0.9510586261749268,0.03724566102027893,0.011695800349116325,False,True,bilstm_right_svm_wrong,22,6,0.0,0
3647,tuyên giáo mà cha :v,0,CLEAN,2,HATE,loaded_artifact,0,CLEAN,0.9993594288825989,0.0003211078583262861,0.0003194889286532998,False,True,bilstm_right_svm_wrong,20,6,0.0,0
4956,Het noi noi xau ho wa,0,CLEAN,2,HATE,loaded_artifact,0,CLEAN,0.9995419979095459,0.00027633365243673325,0.000181761133717373,False,True,bilstm_right_svm_wrong,21,6,0.0,1
296,Cái mỏ i chang cá lóc lun,0,CLEAN,2,HATE,loaded_artifact,0,CLEAN,0.997262716293335,0.00035259086871519685,0.002384654013440013,False,True,bilstm_right_svm_wrong,25,7,0.0,3
309,Thèm bún real vl :)),0,CLEAN,1,OFFENSIVE,loaded_artifact,0,CLEAN,0.9876495003700256,0.010393168777227402,0.00195735483430326,False,True,bilstm_right_svm_wrong,20,7,0.0,2
1106,Thế cong trải thảm tiếp cẩu tập,0,CLEAN,2,HATE,loaded_artifact,0,CLEAN,0.48100990056991577,0.07402563840150833,0.4449644684791565,False,True,bilstm_right_svm_wrong,31,7,0.0,2
3598,Vũ Khắc Hoàng nhìn idol chất vcl,0,CLEAN,1,OFFENSIVE,loaded_artifact,0,CLEAN,0.9999909400939941,6.432143777601596e-07,8.467687621305231e-06,False,True,bilstm_right_svm_wrong,32,7,0.0,3
4705,Linh Minnie kêu thằng tháng nghĩ di,0,CLEAN,2,HATE,loaded_artifact,0,CLEAN,0.9850175976753235,0.003352210158482194,0.01163018774241209,False,True,bilstm_right_svm_wrong,35,7,0.14285714285714285,2
4825,Con Minh Hiếu nó su bờ nai,0,CLEAN,2,HATE,loaded_artifact,0,CLEAN,0.9994588494300842,0.0001776986609911546,0.0003635421162471175,False,True,bilstm_right_svm_wrong,26,7,0.0,2
2046,ở nhà tránh con di chùng :v,0,CLEAN,2,HATE,loaded_artifact,0,CLEAN,0.9988130331039429,1.4016822206031065e-05,0.001172941760160029,False,True,bilstm_right_svm_wrong,27,8,0.0,2
2393,Hán việt là cùng một nồi sinh ra,0,CLEAN,2,HATE,loaded_artifact,0,CLEAN,0.9999290704727173,1.7409831343684345e-05,5.351126674213447e-05,False,True,bilstm_right_svm_wrong,32,8,0.0,0
2650,Đảng viên CS Trần Dần...,0,CLEAN,2,HATE,loaded_artifact,0,CLEAN,0.8422271609306335,0.0001340755698038265,0.1576387733221054,False,True,bilstm_right_svm_wrong,24,8,0.0,1
2819,luật ko giành cho dân đen :v,0,CLEAN,2,HATE,loaded_artifact,0,CLEAN,0.9940896034240723,0.00025874603306874633,0.005651676096022129,False,True,bilstm_right_svm_wrong,28,8,0.0,2
2927,Làm chết người khác với giết người!,0,CLEAN,2,HATE,loaded_artifact,0,CLEAN,0.8785342574119568,0.05375857651233673,0.0677071139216423,False,True,bilstm_right_svm_wrong,35,8,0.0,4
3017,4 con báo nguy hiểm nhất hành tinh,0,CLEAN,2,HATE,loaded_artifact,0,CLEAN,0.9883910417556763,5.82419779675547e-05,0.0115507235750556,False,True,bilstm_right_svm_wrong,34,8,0.0,4
3045,Thà éo bh e nói dối😑😑,0,CLEAN,1,OFFENSIVE,loaded_artifact,0,CLEAN,0.999992847442627,4.386499767861096e-07,6.641618256253423e-06,False,True,bilstm_right_svm_wrong,21,8,0.0,3
4454,Nhìn muốn ăn sạch luôn ák😂😂,0,CLEAN,1,OFFENSIVE,loaded_artifact,0,CLEAN,0.972623348236084,0.027356676757335663,1.9925979358959012e-05,False,True,bilstm_right_svm_wrong,27,8,0.0,2
4595,Vào đây nếu các cậu thích nhé :,0,CLEAN,2,HATE,loaded_artifact,0,CLEAN,0.9999334812164307,2.8965851015527733e-05,3.7513596907956526e-05,False,True,bilstm_right_svm_wrong,31,8,0.0,1
6304,Phò cũng có phò yêu nước chứ 😂,0,CLEAN,2,HATE,loaded_artifact,0,CLEAN,0.6872662901878357,0.07832945883274078,0.23440423607826233,False,True,bilstm_right_svm_wrong,30,8,0.0,1
3034,Huy Phạm vl bạn :)) khịa vl,0,CLEAN,1,OFFENSIVE,loaded_artifact,0,CLEAN,0.6964765191078186,0.2662530839443207,0.03727041929960251,False,True,bilstm_right_svm_wrong,27,9,0.0,2
4722,Có đá phò tây chưa abe 🤣🤣🤣,0,CLEAN,2,HATE,loaded_artifact,0,CLEAN,0.9999922513961792,1.8402231489744736e-06,5.955821507086512e-06,False,True,bilstm_right_svm_wrong,26,9,0.0,2
540,R.I.P Anh thị bò dát vàng,0,CLEAN,2,HATE,loaded_artifact,0,CLEAN,0.5210054516792297,0.00697226170450449,0.47202232480049133,False,True,bilstm_right_svm_wrong,25,10,0.1,1
886,Lol này cây vô đầu nó mới sợ :),0,CLEAN,2,HATE,loaded_artifact,0,CLEAN,0.6348422169685364,0.06585370749235153,0.2993040978908539,False,True,bilstm_right_svm_wrong,31,10,0.0,4
1419,"Có cc,t là bẩm sinh r :v",0,CLEAN,1,OFFENSIVE,loaded_artifact,0,CLEAN,0.6711871027946472,0.03838418051600456,0.29042869806289673,False,True,bilstm_right_svm_wrong,24,10,0.0,1
3029,Mày làm tao bối rối vl admin :)),0,CLEAN,2,HATE,loaded_artifact,0,CLEAN,0.6146374344825745,0.3589147627353668,0.026447797194123268,False,True,bilstm_right_svm_wrong,32,10,0.0,5
3207,Thà từ chức còn hơn làm một con rối!,0,CLEAN,2,HATE,loaded_artifact,0,CLEAN,0.6719248294830322,0.08933281153440475,0.23874235153198242,False,True,bilstm_right_svm_wrong,36,10,0.0,2
3551,thông minh thì nó tìm cách tiêu diệt :v,0,CLEAN,2,HATE,loaded_artifact,0,CLEAN,0.5401621460914612,0.4560673236846924,0.0037705188151448965,False,True,bilstm_right_svm_wrong,39,10,0.0,3
3715,"Nhìn tác phong, biết tư cách...",0,CLEAN,1,OFFENSIVE,loaded_artifact,0,CLEAN,0.9380794763565063,0.015209580771625042,0.04671095311641693,False,True,bilstm_right_svm_wrong,31,10,0.0,1
3747,Tặng hoa cho thèn bạn lol :))),0,CLEAN,2,HATE,loaded_artifact,0,CLEAN,0.5581117272377014,0.0006770462496206164,0.4412112236022949,False,True,bilstm_right_svm_wrong,30,10,0.0,3
3844,Khổ quá. Kiếm cơm sống qua ngày cũng khó,0,CLEAN,1,OFFENSIVE,loaded_artifact,0,CLEAN,0.9996410608291626,0.00034319216501899064,1.56705154950032e-05,False,True,bilstm_right_svm_wrong,40,10,0.0,2
4064,thì làm sao ? có vấn đề gì à ?,0,CLEAN,1,OFFENSIVE,loaded_artifact,0,CLEAN,0.9514147043228149,0.042926982045173645,0.005658411420881748,False,True,bilstm_right_svm_wrong,30,10,0.0,0
4467,mấy người tận tâm với đất nước với dân tộc,0,CLEAN,2,HATE,loaded_artifact,0,CLEAN,0.7526662945747375,0.010548732243478298,0.23678496479988098,False,True,bilstm_right_svm_wrong,42,10,0.0,1
5638,Nói ra câu ngu bị mọi người chửi thêm cho,0,CLEAN,2,HATE,loaded_artifact,0,CLEAN,0.576530933380127,0.05830741301178932,0.3651616871356964,False,True,bilstm_right_svm_wrong,41,10,0.0,6
5675,Trần Thị Nhung BGD phản hồi cmt của Nhung😗,0,CLEAN,2,HATE,loaded_artifact,0,CLEAN,0.7172399163246155,0.00031927559757605195,0.28244078159332275,False,True,bilstm_right_svm_wrong,42,10,0.1,1
6145,Trên bờ thì hít khí bẩn ăn hoá chất nhé,0,CLEAN,2,HATE,loaded_artifact,0,CLEAN,0.444548636674881,0.14500409364700317,0.4104471802711487,False,True,bilstm_right_svm_wrong,39,10,0.0,2
0,Đừng cố biện minh =)))) choi lon,0,CLEAN,2,HATE,loaded_artifact,0,CLEAN,0.46064889430999756,0.2676660716533661,0.27168500423431396,False,True,bilstm_right_svm_wrong,32,11,0.0,2
387,Ráng sống diễn hài cho mấy con coi nhé bác TD,0,CLEAN,2,HATE,loaded_artifact,0,CLEAN,0.9999749660491943,2.1306677808752283e-05,3.6634705793403555e-06,False,True,bilstm_right_svm_wrong,45,11,0.0,4
2599,A Vũ Khắc Tiệp nhỉ 👌🏻👌🏻 đc r,0,CLEAN,2,HATE,loaded_artifact,0,CLEAN,0.8985751867294312,1.277250066777924e-05,0.10141213983297348,False,True,bilstm_right_svm_wrong,28,11,0.0,0
4933,Người có 500tr giúp cái người k có 500tr 😂 đm,0,CLEAN,1,OFFENSIVE,loaded_artifact,0,CLEAN,0.9942956566810608,0.0039060674607753754,0.001798370503820479,False,True,bilstm_right_svm_wrong,45,11,0.0,2
5146,"Chính phủ Hàn quốc hoặc đông lào said:\""",0,CLEAN,2,HATE,loaded_artifact,0,CLEAN,0.9987963438034058,0.00016713181685190648,0.0010364570189267397,False,True,bilstm_right_svm_wrong,40,11,0.0,0
5415,hỏg hết cả tai r -))) :),0,CLEAN,1,OFFENSIVE,loaded_artifact,0,CLEAN,0.7575129270553589,0.2256927788257599,0.016794273629784584,False,True,bilstm_right_svm_wrong,24,11,0.09090909090909091,0
5659,Họ có nhiều mối quann hệ mất mk cx như ko,0,CLEAN,1,OFFENSIVE,loaded_artifact,0,CLEAN,0.9998629093170166,0.00011792414443334565,1.9188742953701876e-05,False,True,bilstm_right_svm_wrong,41,11,0.09090909090909091,0
3404,Con người hơn nhau ở cái ý thức :))),0,CLEAN,1,OFFENSIVE,loaded_artifact,0,CLEAN,0.7081368565559387,0.09790606051683426,0.19395707547664642,False,True,bilstm_right_svm_wrong,36,12,0.0,3
129,Vay về cho cán bộ xây biệt thự con em đi du học,0,CLEAN,1,OFFENSIVE,loaded_artifact,0,CLEAN,0.9999778270721436,1.4519170690618921e-05,7.627861123182811e-06,False,True,bilstm_right_svm_wrong,47,13,0.0,2
4362,Thằng nào kêu tao dạng háng leo rank là ăn ban nha 😣,0,CLEAN,1,OFFENSIVE,loaded_artifact,0,CLEAN,0.5051903128623962,0.07446859031915665,0.4203411340713501,False,True,bilstm_right_svm_wrong,52,13,0.0,6
3149,"Làm ơn cho anh Vũ Khắc Tiệp vào xem hộ cái,khổ gê",0,CLEAN,2,HATE,loaded_artifact,0,CLEAN,0.8884242177009583,0.010831895284354687,0.10074389725923538,False,True,bilstm_right_svm_wrong,49,14,0.0,4
1226,Việc đéo j cũng đến tay tao kể cả việc lái xe cho ông già,0,CLEAN,1,OFFENSIVE,loaded_artifact,0,CLEAN,0.6711585521697998,0.30828872323036194,0.02055269293487072,False,True,bilstm_right_svm_wrong,57,15,0.0,5
3223,Cho những ai chưa biết quần què là gì.? :))),0,CLEAN,1,OFFENSIVE,loaded_artifact,0,CLEAN,0.9987884163856506,0.0008563800365664065,0.0003551319823600352,False,True,bilstm_right_svm_wrong,44,15,0.0,2
3357,Gớm xuống top2 có 1 hôm mà unti cno gáy kinh quá tộc trưởng ak 😂,0,CLEAN,2,HATE,loaded_artifact,0,CLEAN,0.9977502226829529,0.0021529330406337976,9.68518215813674e-05,False,True,bilstm_right_svm_wrong,64,16,0.125,4
5567,Mac Ngoc Anh mình cũng tên Nhung tuy mình k giàu nhưng mình có não 😞,0,CLEAN,2,HATE,loaded_artifact,0,CLEAN,0.6059218645095825,0.23504258692264557,0.1590355634689331,False,True,bilstm_right_svm_wrong,68,16,0.0,3
3331,Long công tử dạo này có hay đi đá phò TDH nữa k vậy 😂😂😂,0,CLEAN,2,HATE,loaded_artifact,0,CLEAN,0.6116006970405579,0.3874480128288269,0.000951280992012471,False,True,bilstm_right_svm_wrong,55,17,0.058823529411764705,3
6192,Huỳnh My đỉ mẹ. T vs m đi trước thời đại mất tiêu r bé 🤣,0,CLEAN,2,HATE,loaded_artifact,0,CLEAN,0.8475632667541504,0.005125401075929403,0.14731132984161377,False,True,bilstm_right_svm_wrong,56,17,0.0,3
2915,co lam. gi giau vay co day con lam voi con lam hoai ma ko du an,0,CLEAN,2,HATE,loaded_artifact,0,CLEAN,0.9999290704727173,9.49791501625441e-06,6.141260382719338e-05,False,True,bilstm_right_svm_wrong,63,18,0.0,3
2995,Dag sau co ke an com vn nhug lam thue cho trung quoc ban dung dong bao.,0,CLEAN,2,HATE,loaded_artifact,0,CLEAN,0.8946993350982666,0.0012679003411903977,0.1040327399969101,False,True,bilstm_right_svm_wrong,71,18,0.0,2
4260,Sao đi so sánh ngừoi dân như chó vậy Admin..coi vậy có đc ko?,0,CLEAN,2,HATE,loaded_artifact,0,CLEAN,0.6196128129959106,0.3053445518016815,0.07504261285066605,False,True,bilstm_right_svm_wrong,61,18,0.0,2
6177,vâng....là dân địa phương :v xác minh là có thật :v,0,CLEAN,1,OFFENSIVE,loaded_artifact,0,CLEAN,0.6488901376724243,0.3284710645675659,0.022638719528913498,False,True,bilstm_right_svm_wrong,51,18,0.0,2
6310,thấy nên nhờ doinb dạy cho cái giáo án ngắm gái vs lựa gái cho học trof đi,0,CLEAN,1,OFFENSIVE,loaded_artifact,0,CLEAN,0.5740866661071777,0.35076549649238586,0.07514791935682297,False,True,bilstm_right_svm_wrong,74,18,0.1111111111111111,2
2851,"mọi con vật đều bình đẳng, nhưng có một số con bình đăng hơn các con khác ;)",0,CLEAN,2,HATE,loaded_artifact,0,CLEAN,0.920944094657898,0.00010227613529423252,0.0789535865187645,False,True,bilstm_right_svm_wrong,76,20,0.0,4
2893,Có những đứa còn chửi kinh hơn cả page này nữa 😒 vkl xúc phạm tôn giáo còn cãi cố,0,CLEAN,2,HATE,loaded_artifact,0,CLEAN,0.7949787378311157,0.12233013659715652,0.08269108831882477,False,True,bilstm_right_svm_wrong,81,20,0.0,4
3159,Bede,0,CLEAN,2,HATE,loaded_artifact,2,HATE,0.05155884474515915,0.23665830492973328,0.7117828726768494,False,False,both_wrong,4,1,0.0,1
4469,Quỳ,0,CLEAN,1,OFFENSIVE,loaded_artifact,1,OFFENSIVE,0.07511471211910248,0.9198715090751648,0.005013847723603249,False,False,both_wrong,3,1,0.0,1
4764,lol,0,CLEAN,1,OFFENSIVE,loaded_artifact,1,OFFENSIVE,0.0007847945671528578,0.9797101020812988,0.019505063071846962,False,False,both_wrong,3,1,0.0,1
5054,Chán,0,CLEAN,1,OFFENSIVE,loaded_artifact,1,OFFENSIVE,0.018580716103315353,0.9791186451911926,0.0023006193805485964,False,False,both_wrong,4,1,0.0,1
568,Mis Nhung,0,CLEAN,2,HATE,loaded_artifact,2,HATE,0.12645137310028076,0.026751745492219925,0.8467968702316284,False,False,both_wrong,9,2,0.5,0
2548,xạo thặc,0,CLEAN,2,HATE,loaded_artifact,1,OFFENSIVE,0.023845408111810684,0.699747622013092,0.2764069437980652,False,False,both_wrong,8,2,0.0,1
3952,Vn ma,0,CLEAN,2,HATE,loaded_artifact,2,HATE,0.010115325450897217,0.0015777464723214507,0.9883069396018982,False,False,both_wrong,5,2,0.0,1
4890,Bú mạnh,0,CLEAN,1,OFFENSIVE,loaded_artifact,1,OFFENSIVE,0.0010693491203710437,0.9961995482444763,0.002731035463511944,False,False,both_wrong,7,2,0.0,1
5338,Edg cmnr,0,CLEAN,1,OFFENSIVE,loaded_artifact,1,OFFENSIVE,0.2910636365413666,0.5909825563430786,0.117953822016716,False,False,both_wrong,8,2,0.5,3
6044,Hoang mang,0,CLEAN,1,OFFENSIVE,loaded_artifact,1,OFFENSIVE,0.0012306265998631716,0.9983497858047485,0.00041965278796851635,False,False,both_wrong,10,2,0.0,2
165,Nhức óc thật,0,CLEAN,1,OFFENSIVE,loaded_artifact,2,HATE,0.0077100410126149654,0.0037742056883871555,0.9885157346725464,False,False,both_wrong,12,3,0.0,1
606,Abe chơi dơ,0,CLEAN,2,HATE,loaded_artifact,2,HATE,0.002545319264754653,0.00022126823023427278,0.9972334504127502,False,False,both_wrong,11,3,0.0,1
915,Điên qf :,0,CLEAN,1,OFFENSIVE,loaded_artifact,2,HATE,0.17956341803073883,0.32343819737434387,0.4969984292984009,False,False,both_wrong,9,3,0.3333333333333333,1
1099,Giống abe vailon,0,CLEAN,1,OFFENSIVE,loaded_artifact,1,OFFENSIVE,0.02054251916706562,0.9755497574806213,0.003907719627022743,False,False,both_wrong,16,3,0.0,2
2436,Trung gia cát,0,CLEAN,2,HATE,loaded_artifact,2,HATE,0.13326284289360046,0.004497442860156298,0.8622397184371948,False,False,both_wrong,13,3,0.0,1
2476,Trung đái dầm,0,CLEAN,2,HATE,loaded_artifact,2,HATE,0.016139758750796318,0.0008948715985752642,0.9829654097557068,False,False,both_wrong,13,3,0.0,1
138,Con bóng??,0,CLEAN,1,OFFENSIVE,loaded_artifact,1,OFFENSIVE,0.04608882591128349,0.9526152610778809,0.001295930240303278,False,False,both_wrong,10,4,0.0,3
1677,kay vờ lờ.,0,CLEAN,1,OFFENSIVE,loaded_artifact,1,OFFENSIVE,0.0028967985417693853,0.9862099289894104,0.010893307626247406,False,False,both_wrong,10,4,0.0,0
1740,thốn =)),0,CLEAN,1,OFFENSIVE,loaded_artifact,1,OFFENSIVE,0.015097222290933132,0.9814421534538269,0.0034606263507157564,False,False,both_wrong,8,4,0.0,0
2312,Mẹ Độ yêu con,0,CLEAN,2,HATE,loaded_artifact,1,OFFENSIVE,0.11005053669214249,0.8339102268218994,0.05603928491473198,False,False,both_wrong,13,4,0.0,2
2319,TPhcm có chợ nổi,0,CLEAN,1,OFFENSIVE,loaded_artifact,1,OFFENSIVE,0.011742773465812206,0.9862935543060303,0.0019636552315205336,False,False,both_wrong,16,4,0.0,2
3282,Arlios Trinh kinh tởm,0,CLEAN,1,OFFENSIVE,loaded_artifact,1,OFFENSIVE,0.0013453079154714942,0.9347813129425049,0.06387337297201157,False,False,both_wrong,21,4,0.25,2
3846,Anh Trung bóng rổ,0,CLEAN,2,HATE,loaded_artifact,2,HATE,0.04860736057162285,0.00015649375563953072,0.9512361288070679,False,False,both_wrong,17,4,0.25,1
6323,Con nay bo tay,0,CLEAN,2,HATE,loaded_artifact,2,HATE,0.02788667194545269,0.0014369429554790258,0.9706764221191406,False,False,both_wrong,14,4,0.0,2
6592,cho nó tù đê,0,CLEAN,1,OFFENSIVE,loaded_artifact,1,OFFENSIVE,0.0028051184490323067,0.9964698553085327,0.0007250132039189339,False,False,both_wrong,12,4,0.0,3
861,Bò kiểu mẫu :v,0,CLEAN,2,HATE,loaded_artifact,2,HATE,0.08500682562589645,0.16810964047908783,0.7468835711479187,False,False,both_wrong,14,5,0.0,1
1118,phe khoang qua ma oi,0,CLEAN,2,HATE,loaded_artifact,2,HATE,0.07060782611370087,0.000518385844770819,0.9288737773895264,False,False,both_wrong,20,5,0.0,1
3295,Thông minh bị nó diệt,0,CLEAN,1,OFFENSIVE,loaded_artifact,1,OFFENSIVE,0.19871540367603302,0.7974734902381897,0.003811126109212637,False,False,both_wrong,21,5,0.0,1
3534,Nhạc bắt tay vai lon,0,CLEAN,1,OFFENSIVE,loaded_artifact,1,OFFENSIVE,0.020165860652923584,0.9793186187744141,0.0005155690014362335,False,False,both_wrong,20,5,0.0,3
5119,Chị này có chim mà,0,CLEAN,2,HATE,loaded_artifact,1,OFFENSIVE,0.14255070686340332,0.7436510324478149,0.11379833519458771,False,False,both_wrong,18,5,0.0,0
5306,Nản ba gà thật sự,0,CLEAN,2,HATE,loaded_artifact,2,HATE,0.06919176876544952,0.011812066659331322,0.9189961552619934,False,False,both_wrong,17,5,0.0,3
9,"Lý khùng thì có,kk",0,CLEAN,1,OFFENSIVE,loaded_artifact,1,OFFENSIVE,0.08572336286306381,0.9138672947883606,0.00040936964796856046,False,False,both_wrong,18,6,0.0,1
185,Nguyễn Hoàng Sâm nôn link ra,0,CLEAN,2,HATE,loaded_artifact,2,HATE,0.14872370660305023,0.003437598003074527,0.8478386402130127,False,False,both_wrong,28,6,0.0,2
349,hỏng khóa hay gì :vv,0,CLEAN,1,OFFENSIVE,loaded_artifact,1,OFFENSIVE,0.2533229887485504,0.7434718608856201,0.0032051648013293743,False,False,both_wrong,20,6,0.0,1
637,Ơ tưởng thầy chơi gay 😢,0,CLEAN,2,HATE,loaded_artifact,2,HATE,0.008072741329669952,0.020152617245912552,0.9717745780944824,False,False,both_wrong,23,6,0.0,1
757,Chết mất :))),0,CLEAN,1,OFFENSIVE,loaded_artifact,2,HATE,0.06360838562250137,0.1261543333530426,0.8102372884750366,False,False,both_wrong,13,6,0.0,1
1185,Xứ tư bản của ba que,0,CLEAN,2,HATE,loaded_artifact,2,HATE,0.013574689626693726,0.00515351165086031,0.9812718033790588,False,False,both_wrong,20,6,0.0,3
1804,Nguyễn Đông trẻ trâu biết j,0,CLEAN,1,OFFENSIVE,loaded_artifact,1,OFFENSIVE,0.08063174039125443,0.9080031514167786,0.011365074664354324,False,False,both_wrong,27,6,0.0,3
1944,tin là bọn nó rút liền,0,CLEAN,2,HATE,loaded_artifact,2,HATE,0.0182507261633873,0.39691558480262756,0.5848336219787598,False,False,both_wrong,22,6,0.0,3
1971,Đm! Đen méo chơi nữa,0,CLEAN,1,OFFENSIVE,loaded_artifact,1,OFFENSIVE,0.001434852252714336,0.7680646777153015,0.2305004596710205,False,False,both_wrong,20,6,0.0,3
3044,già mà non :)),0,CLEAN,1,OFFENSIVE,loaded_artifact,1,OFFENSIVE,0.012892115861177444,0.9712598323822021,0.01584809459745884,False,False,both_wrong,14,6,0.0,3
3209,Vải lờ thầy😂😂😂,0,CLEAN,2,HATE,loaded_artifact,2,HATE,0.007485635112971067,0.026851408183574677,0.965662956237793,False,False,both_wrong,14,6,0.0,1
3933,Má ơi nó hài bể bụng,0,CLEAN,2,HATE,loaded_artifact,1,OFFENSIVE,0.19689053297042847,0.7798435091972351,0.023265965282917023,False,False,both_wrong,20,6,0.0,2
3950,Con bóng sadec =]],0,CLEAN,2,HATE,loaded_artifact,2,HATE,0.06455830484628677,0.0006161680794321001,0.934825599193573,False,False,both_wrong,18,6,0.0,3
5963,hì . cộng sản mà lị,0,CLEAN,2,HATE,loaded_artifact,1,OFFENSIVE,0.0025007196236401796,0.9934292435646057,0.00407006312161684,False,False,both_wrong,19,6,0.16666666666666666,0
6036,dm áo vú =)),0,CLEAN,1,OFFENSIVE,loaded_artifact,1,OFFENSIVE,0.0040158722549676895,0.9897693395614624,0.006214757449924946,False,False,both_wrong,12,6,0.0,1
6339,Quang Minh best xiaolin :v,0,CLEAN,2,HATE,loaded_artifact,2,HATE,0.07270747423171997,0.001233625691384077,0.9260588884353638,False,False,both_wrong,26,6,0.16666666666666666,1
6378,Phạm Nguyễn Cát Vy cljv con,0,CLEAN,1,OFFENSIVE,loaded_artifact,1,OFFENSIVE,1.856769267760683e-05,0.9999421834945679,3.922175892512314e-05,False,False,both_wrong,27,6,0.0,4
6522,Biet the dung quay lai 💔,0,CLEAN,1,OFFENSIVE,loaded_artifact,1,OFFENSIVE,0.22670651972293854,0.7690935134887695,0.0041999826207757,False,False,both_wrong,24,6,0.0,0
102,Nhìn mặt bà này ...,0,CLEAN,2,HATE,loaded_artifact,2,HATE,0.09559967368841171,0.012774284929037094,0.8916260600090027,False,False,both_wrong,19,7,0.0,1
858,troi ui con nay do lai cai,0,CLEAN,2,HATE,loaded_artifact,2,HATE,0.006170574575662613,0.004104305524379015,0.9897251129150391,False,False,both_wrong,26,7,0.0,2
945,khôn thế thầy lòn :)),0,CLEAN,2,HATE,loaded_artifact,2,HATE,0.04928096756339073,0.0014348689001053572,0.9492840766906738,False,False,both_wrong,21,7,0.0,1
1410,Anh Trung weeboo =))),0,CLEAN,2,HATE,loaded_artifact,2,HATE,0.044883642345666885,0.0016093048034235835,0.9535070657730103,False,False,both_wrong,21,7,0.0,0
1496,Mất thằng K cái nhạc dở quoãi,0,CLEAN,2,HATE,loaded_artifact,2,HATE,0.05978504195809364,0.3484847843647003,0.5917301774024963,False,False,both_wrong,29,7,0.14285714285714285,2
5624,Cực kỳ thuyết con mẹ nó phục,0,CLEAN,1,OFFENSIVE,loaded_artifact,1,OFFENSIVE,0.002594980178400874,0.7976729273796082,0.1997320055961609,False,False,both_wrong,28,7,0.0,6
5905,Tùng hỏng :)))),0,CLEAN,2,HATE,loaded_artifact,2,HATE,0.18348988890647888,0.008521825075149536,0.8079882860183716,False,False,both_wrong,15,7,0.0,2
1102,Anh ba láo nháo là Tú xiên giờ,0,CLEAN,2,HATE,loaded_artifact,2,HATE,0.31476932764053345,0.0009269742295145988,0.6843037605285645,False,False,both_wrong,30,8,0.0,3
1224,Lina Bui dk ra đời vào năm 2k3,0,CLEAN,1,OFFENSIVE,loaded_artifact,1,OFFENSIVE,0.3280196189880371,0.6541251540184021,0.017855284735560417,False,False,both_wrong,30,8,0.125,1
1583,Giựt tiền của chị minh hiếu mà nổ,0,CLEAN,2,HATE,loaded_artifact,2,HATE,0.029596857726573944,0.011369039304554462,0.9590340852737427,False,False,both_wrong,33,8,0.0,1
4146,Nó có lây qua đường máu đéo đâu,0,CLEAN,2,HATE,loaded_artifact,1,OFFENSIVE,0.021161597222089767,0.963591456413269,0.015246985480189323,False,False,both_wrong,31,8,0.0,4
843,"Con này nó rảnh, nói gì kệ nó",0,CLEAN,2,HATE,loaded_artifact,2,HATE,0.01903904788196087,0.007447466254234314,0.9735134840011597,False,False,both_wrong,29,9,0.0,3
3068,AXi Dk đọc mà cừ ĩa🤣🤣🤣,0,CLEAN,1,OFFENSIVE,loaded_artifact,1,OFFENSIVE,0.4754907786846161,0.5244886875152588,2.050861803581938e-05,False,False,both_wrong,22,9,0.1111111111111111,0
3246,Ánh sáng ở cuối con đường.,0,CLEAN,2,HATE,loaded_artifact,2,HATE,0.10000943392515182,0.0010621951660141349,0.8989283442497253,False,False,both_wrong,27,9,0.0,2
4069,Len tp chi vay ma cai mui cong vong,0,CLEAN,2,HATE,loaded_artifact,2,HATE,0.011042049154639244,0.1787712424993515,0.8101867437362671,False,False,both_wrong,35,9,0.0,4
4333,Nguyễn Nhân link cái mã tổ nhà mày à,0,CLEAN,2,HATE,loaded_artifact,1,OFFENSIVE,0.07296529412269592,0.8836228251457214,0.043411824852228165,False,False,both_wrong,36,9,0.0,4
5039,Quang Minh xạo lồn vừa phải 🤣🤣🤣,0,CLEAN,2,HATE,loaded_artifact,2,HATE,0.00026464593247510493,0.0001376028376398608,0.9995977282524109,False,False,both_wrong,31,9,0.0,4
5955,chỉ cần 1 đội làm điên đảo cộng đồng,0,CLEAN,2,HATE,loaded_artifact,2,HATE,0.41438597440719604,0.05728064849972725,0.5283333659172058,False,False,both_wrong,36,9,0.0,1
6244,Xạo xạo làm youtube kiếm tiền chứ liệu gì,0,CLEAN,1,OFFENSIVE,loaded_artifact,2,HATE,0.006426156498491764,0.20562073588371277,0.7879531383514404,False,False,both_wrong,41,9,0.0,2
1029,:vv ăn đấm khong trượt phát nào anh ạ,0,CLEAN,1,OFFENSIVE,loaded_artifact,1,OFFENSIVE,0.0008598135318607092,0.9990776777267456,6.2464241636917e-05,False,False,both_wrong,37,10,0.0,3
1314,Con này nhin thấy ghê vậy mà ăn cái gi,0,CLEAN,1,OFFENSIVE,loaded_artifact,1,OFFENSIVE,0.1582149863243103,0.6361374855041504,0.2056475728750229,False,False,both_wrong,38,10,0.0,4
1476,Bịt lol chạy quanh nhà là có thật 🤣🤣,0,CLEAN,1,OFFENSIVE,loaded_artifact,1,OFFENSIVE,0.42690256237983704,0.5715397596359253,0.0015576798468828201,False,False,both_wrong,36,10,0.0,2
2771,Ong gia nguoi ta hong cho ra ngaoi so lay,0,CLEAN,2,HATE,loaded_artifact,2,HATE,0.13749448955059052,0.009236814454197884,0.8532687425613403,False,False,both_wrong,41,10,0.1,4
3064,Già đầu mà non quá :)))),0,CLEAN,2,HATE,loaded_artifact,2,HATE,0.010497120209038258,0.0032001223880797625,0.9863027930259705,False,False,both_wrong,24,10,0.0,2
5395,Thầy làm như vậy là chết cdm tụi em ròi,0,CLEAN,1,OFFENSIVE,loaded_artifact,1,OFFENSIVE,0.011050236411392689,0.9885997772216797,0.00035000333446078,False,False,both_wrong,39,10,0.0,5
5740,Bat hết cái bọn gây hoang mang dư luận .,0,CLEAN,2,HATE,loaded_artifact,2,HATE,0.00010847773955902085,0.000885929970536381,0.9990056157112122,False,False,both_wrong,40,10,0.0,5
5938,Cái lồn má toàn danh hài thế này :v,0,CLEAN,1,OFFENSIVE,loaded_artifact,1,OFFENSIVE,3.6482379073277116e-05,0.9999563694000244,7.15634587322711e-06,False,False,both_wrong,35,10,0.0,5
6135,Nó bị què ko làm thế đi kieu gi dc,0,CLEAN,1,OFFENSIVE,loaded_artifact,1,OFFENSIVE,0.026878444477915764,0.9727563261985779,0.000365186482667923,False,False,both_wrong,34,10,0.0,1
1195,Không hiểu sao chứ nhìn chỗ này thấy cute vcl 😁,0,CLEAN,1,OFFENSIVE,loaded_artifact,1,OFFENSIVE,0.023604292422533035,0.9763588905334473,3.6820398236159235e-05,False,False,both_wrong,47,11,0.0,6
1315,Thầy em là phải hơn. Nhưng ngu hơn ă🤧,0,CLEAN,2,HATE,loaded_artifact,2,HATE,0.012295463122427464,0.00047081077354960144,0.9872336387634277,False,False,both_wrong,37,11,0.0,2
1356,MinhHieu đại chó nó dao làm người đừng làm chỗ chỗ,0,CLEAN,1,OFFENSIVE,loaded_artifact,2,HATE,0.14426204562187195,0.022713277488946915,0.8330247402191162,False,False,both_wrong,50,11,0.09090909090909091,3
1514,Nghe,0,CLEAN,0,CLEAN,loaded_artifact,1,OFFENSIVE,0.3808172941207886,0.6187169551849365,0.0004657730460166931,True,False,svm_right_bilstm_wrong,4,1,0.0,0
2000,Dc,0,CLEAN,0,CLEAN,loaded_artifact,1,OFFENSIVE,0.461669385433197,0.5297150611877441,0.008615553379058838,True,False,svm_right_bilstm_wrong,2,1,0.0,0
2352,oh,0,CLEAN,0,CLEAN,loaded_artifact,1,OFFENSIVE,0.4597332775592804,0.520578920841217,0.019687766209244728,True,False,svm_right_bilstm_wrong,2,1,0.0,0
2605,Bk,0,CLEAN,0,CLEAN,loaded_artifact,1,OFFENSIVE,0.27390366792678833,0.4760746657848358,0.25002166628837585,True,False,svm_right_bilstm_wrong,2,1,0.0,0
4929,Kkkkk,0,CLEAN,0,CLEAN,loaded_artifact,1,OFFENSIVE,0.2742501199245453,0.6856577396392822,0.04009215161204338,True,False,svm_right_bilstm_wrong,5,1,0.0,0
4940,noi,0,CLEAN,0,CLEAN,loaded_artifact,1,OFFENSIVE,0.020524602383375168,0.9774078726768494,0.002067530993372202,True,False,svm_right_bilstm_wrong,3,1,0.0,1
5172,B52,0,CLEAN,0,CLEAN,loaded_artifact,1,OFFENSIVE,0.3156442940235138,0.44946759939193726,0.23488809168338776,True,False,svm_right_bilstm_wrong,3,1,0.0,0
5451,oh,0,CLEAN,0,CLEAN,loaded_artifact,1,OFFENSIVE,0.4597332775592804,0.520578920841217,0.019687766209244728,True,False,svm_right_bilstm_wrong,2,1,0.0,0
266,Kinh đấy,0,CLEAN,0,CLEAN,loaded_artifact,1,OFFENSIVE,0.07756291329860687,0.9200432896614075,0.0023938107769936323,True,False,svm_right_bilstm_wrong,8,2,0.0,1
334,B52 😄,0,CLEAN,0,CLEAN,loaded_artifact,1,OFFENSIVE,0.42218583822250366,0.5533509850502014,0.02446315810084343,True,False,svm_right_bilstm_wrong,5,2,0.0,0
386,Chán thế,0,CLEAN,0,CLEAN,loaded_artifact,1,OFFENSIVE,0.011410830542445183,0.9885517358779907,3.737362567335367e-05,True,False,svm_right_bilstm_wrong,8,2,0.0,1
828,Nổ quá,0,CLEAN,0,CLEAN,loaded_artifact,1,OFFENSIVE,0.44154566526412964,0.5547941327095032,0.003660207847133279,True,False,svm_right_bilstm_wrong,6,2,0.0,1
1266,Tạo nghiệp,0,CLEAN,0,CLEAN,loaded_artifact,1,OFFENSIVE,0.10133226215839386,0.8796837329864502,0.018983939662575722,True,False,svm_right_bilstm_wrong,10,2,0.0,1
2831,thiện tai,0,CLEAN,0,CLEAN,loaded_artifact,1,OFFENSIVE,0.2922532558441162,0.7064735889434814,0.001273195375688374,True,False,svm_right_bilstm_wrong,9,2,0.0,0
3596,Vâng ạ,0,CLEAN,0,CLEAN,loaded_artifact,1,OFFENSIVE,0.13542352616786957,0.861234188079834,0.003342295065522194,True,False,svm_right_bilstm_wrong,6,2,0.0,0
4284,B52 😄,0,CLEAN,0,CLEAN,loaded_artifact,1,OFFENSIVE,0.42218583822250366,0.5533509850502014,0.02446315810084343,True,False,svm_right_bilstm_wrong,5,2,0.0,0
4820,Bóng đời,0,CLEAN,0,CLEAN,loaded_artifact,1,OFFENSIVE,0.15867294371128082,0.8267361521720886,0.014590935781598091,True,False,svm_right_bilstm_wrong,8,2,0.0,1
5501,kinh thế,0,CLEAN,0,CLEAN,loaded_artifact,1,OFFENSIVE,0.06458364427089691,0.9262644052505493,0.009151989594101906,True,False,svm_right_bilstm_wrong,8,2,0.0,1
5851,Lú TBT,0,CLEAN,0,CLEAN,loaded_artifact,1,OFFENSIVE,0.0457129180431366,0.9446465969085693,0.009640481323003769,True,False,svm_right_bilstm_wrong,6,2,0.0,1
6045,Lisa việt,0,CLEAN,0,CLEAN,loaded_artifact,1,OFFENSIVE,0.47439470887184143,0.4896332323551178,0.035972051322460175,True,False,svm_right_bilstm_wrong,9,2,0.0,0
6364,Cu Tuấn,0,CLEAN,0,CLEAN,loaded_artifact,1,OFFENSIVE,0.3649047315120697,0.597379744052887,0.03771557658910751,True,False,svm_right_bilstm_wrong,7,2,0.0,1
6366,Quá chán,0,CLEAN,0,CLEAN,loaded_artifact,1,OFFENSIVE,0.2672695815563202,0.7319585680961609,0.0007719055283814669,True,False,svm_right_bilstm_wrong,8,2,0.0,1
41,best cà khịa,0,CLEAN,0,CLEAN,loaded_artifact,1,OFFENSIVE,0.12493003159761429,0.870698869228363,0.004371114540845156,True,False,svm_right_bilstm_wrong,12,3,0.0,1
501,Bê đê hả,0,CLEAN,0,CLEAN,loaded_artifact,1,OFFENSIVE,0.15048344433307648,0.8302241563796997,0.01929243840277195,True,False,svm_right_bilstm_wrong,8,3,0.0,1
921,Cho con voi,0,CLEAN,0,CLEAN,loaded_artifact,1,OFFENSIVE,0.15945185720920563,0.8352033495903015,0.005344795994460583,True,False,svm_right_bilstm_wrong,11,3,0.0,2
3689,Quần lột quần,0,CLEAN,0,CLEAN,loaded_artifact,1,OFFENSIVE,0.14978694915771484,0.6582205891609192,0.19199247658252716,True,False,svm_right_bilstm_wrong,13,3,0.0,0
3718,Tư'k,0,CLEAN,0,CLEAN,loaded_artifact,1,OFFENSIVE,0.28282853960990906,0.6474480032920837,0.0697234645485878,True,False,svm_right_bilstm_wrong,4,3,0.0,0
4155,#ERROR!,0,CLEAN,0,CLEAN,loaded_artifact,1,OFFENSIVE,0.2448805421590805,0.6331995725631714,0.12191987782716751,True,False,svm_right_bilstm_wrong,7,3,0.0,0
4535,Tea timeee.,0,CLEAN,0,CLEAN,loaded_artifact,1,OFFENSIVE,0.08356493711471558,0.6341809034347534,0.282254159450531,True,False,svm_right_bilstm_wrong,11,3,0.3333333333333333,1
4654,#ERROR!,0,CLEAN,0,CLEAN,loaded_artifact,1,OFFENSIVE,0.2448805421590805,0.6331995725631714,0.12191987782716751,True,False,svm_right_bilstm_wrong,7,3,0.0,0
4928,Mất dương chỉ,0,CLEAN,0,CLEAN,loaded_artifact,1,OFFENSIVE,0.015710219740867615,0.9838093519210815,0.0004803731571882963,True,False,svm_right_bilstm_wrong,13,3,0.0,0
5139,#ERROR!,0,CLEAN,0,CLEAN,loaded_artifact,1,OFFENSIVE,0.2448805421590805,0.6331995725631714,0.12191987782716751,True,False,svm_right_bilstm_wrong,7,3,0.0,0
5392,#ERROR!,0,CLEAN,0,CLEAN,loaded_artifact,1,OFFENSIVE,0.2448805421590805,0.6331995725631714,0.12191987782716751,True,False,svm_right_bilstm_wrong,7,3,0.0,0
5420,song cham lai,0,CLEAN,0,CLEAN,loaded_artifact,1,OFFENSIVE,0.04918506741523743,0.8189266324043274,0.1318882405757904,True,False,svm_right_bilstm_wrong,13,3,0.0,0
5716,thối quá rồi,0,CLEAN,0,CLEAN,loaded_artifact,1,OFFENSIVE,0.4469127655029297,0.547153890132904,0.005933365318924189,True,False,svm_right_bilstm_wrong,12,3,0.0,1
5781,khịa cực mạnh,0,CLEAN,0,CLEAN,loaded_artifact,1,OFFENSIVE,0.0028722244314849377,0.9971266388893127,1.1797875458796625e-06,True,False,svm_right_bilstm_wrong,13,3,0.0,1
6621,Ăn trộm được,0,CLEAN,0,CLEAN,loaded_artifact,1,OFFENSIVE,0.4014849364757538,0.5974734425544739,0.0010416628792881966,True,False,svm_right_bilstm_wrong,12,3,0.0,2
503,Ca sĩ cây atm,0,CLEAN,0,CLEAN,loaded_artifact,2,HATE,0.07053836435079575,0.017513224855065346,0.9119484424591064,True,False,svm_right_bilstm_wrong,13,4,0.0,0
723,Sniper ...,0,CLEAN,0,CLEAN,loaded_artifact,1,OFFENSIVE,0.43205127120018005,0.5364195704460144,0.03152909874916077,True,False,svm_right_bilstm_wrong,10,4,0.25,0
838,Anh Trung ma mị,0,CLEAN,0,CLEAN,loaded_artifact,2,HATE,0.0022322731092572212,0.0001614206557860598,0.9976062774658203,True,False,svm_right_bilstm_wrong,15,4,0.0,1
1003,Hết bốc phét nhé,0,CLEAN,0,CLEAN,loaded_artifact,2,HATE,0.1840975433588028,0.004231874365359545,0.8116706609725952,True,False,svm_right_bilstm_wrong,16,4,0.0,1
1163,Giac phuong bac ma,0,CLEAN,0,CLEAN,loaded_artifact,2,HATE,0.22793981432914734,0.04735926166176796,0.7247009873390198,True,False,svm_right_bilstm_wrong,18,4,0.0,3
1634,Thời thế đảo điên,0,CLEAN,0,CLEAN,loaded_artifact,1,OFFENSIVE,0.05035421997308731,0.9492791295051575,0.0003666409756988287,True,False,svm_right_bilstm_wrong,17,4,0.0,1
1679,true :)),0,CLEAN,0,CLEAN,loaded_artifact,2,HATE,0.45064717531204224,0.028296278789639473,0.521056592464447,True,False,svm_right_bilstm_wrong,8,4,0.25,0
1776,Xuyến Nguyễn no no,0,CLEAN,0,CLEAN,loaded_artifact,1,OFFENSIVE,0.1421714425086975,0.8560011982917786,0.0018273594323545694,True,False,svm_right_bilstm_wrong,18,4,0.0,3
1932,Haha lạy mấy mẹ,0,CLEAN,0,CLEAN,loaded_artifact,1,OFFENSIVE,0.001074463129043579,0.977185845375061,0.021739711984992027,True,False,svm_right_bilstm_wrong,15,4,0.0,3
2307,đc vl ah ưi,0,CLEAN,0,CLEAN,loaded_artifact,1,OFFENSIVE,0.3685111701488495,0.631267786026001,0.0002210283710155636,True,False,svm_right_bilstm_wrong,11,4,0.0,1
2860,Nguyễn Hạnh gru gru,0,CLEAN,0,CLEAN,loaded_artifact,1,OFFENSIVE,0.3107123076915741,0.6850841045379639,0.004203547723591328,True,False,svm_right_bilstm_wrong,19,4,0.5,2
3050,Chả quan tâm !,0,CLEAN,0,CLEAN,loaded_artifact,1,OFFENSIVE,0.18427912890911102,0.7679144144058228,0.04780648648738861,True,False,svm_right_bilstm_wrong,14,4,0.0,1
3784,Chỉ còn cach này,0,CLEAN,0,CLEAN,loaded_artifact,1,OFFENSIVE,0.3469545245170593,0.6405990123748779,0.012446479871869087,True,False,svm_right_bilstm_wrong,16,4,0.0,1
4003,Đén lức vỡ nợ,0,CLEAN,0,CLEAN,loaded_artifact,1,OFFENSIVE,0.4684174358844757,0.5295370817184448,0.002045456552878022,True,False,svm_right_bilstm_wrong,13,4,0.5,0
4476,Tý Trương ghét nhỉ,0,CLEAN,0,CLEAN,loaded_artifact,2,HATE,0.010399345308542252,0.00016088964184746146,0.9894397854804993,True,False,svm_right_bilstm_wrong,18,4,0.0,1
4481,nhìn sếp ngon vl,0,CLEAN,0,CLEAN,loaded_artifact,1,OFFENSIVE,0.20781511068344116,0.7919769287109375,0.00020796735771000385,True,False,svm_right_bilstm_wrong,16,4,0.0,1
4490,Đóm mạnh vcl ☻,0,CLEAN,0,CLEAN,loaded_artifact,1,OFFENSIVE,0.11383406072854996,0.8340782523155212,0.05208767578005791,True,False,svm_right_bilstm_wrong,14,4,0.0,3
4834,dc vl anh ưi,0,CLEAN,0,CLEAN,loaded_artifact,1,OFFENSIVE,0.4350273311138153,0.5648654699325562,0.000107206215034239,True,False,svm_right_bilstm_wrong,12,4,0.0,1
4871,Mấy fen nhanh vậy,0,CLEAN,0,CLEAN,loaded_artifact,1,OFFENSIVE,0.3691815137863159,0.6297321915626526,0.001086283242329955,True,False,svm_right_bilstm_wrong,17,4,0.25,1
5157,Nhung ơi là nhung,0,CLEAN,0,CLEAN,loaded_artifact,2,HATE,0.3757408857345581,0.013051427900791168,0.6112076640129089,True,False,svm_right_bilstm_wrong,17,4,0.0,0
5644,CHÍNH TÃ@@,0,CLEAN,0,CLEAN,loaded_artifact,1,OFFENSIVE,0.11182596534490585,0.8881335854530334,4.05033424613066e-05,True,False,svm_right_bilstm_wrong,10,4,0.0,0
6080,Nguyễn Dương tránh xa,0,CLEAN,0,CLEAN,loaded_artifact,1,OFFENSIVE,0.3590271770954132,0.6187443137168884,0.022228524088859558,True,False,svm_right_bilstm_wrong,21,4,0.0,2
6540,chuaanr vl anh tôi,0,CLEAN,0,CLEAN,loaded_artifact,1,OFFENSIVE,0.44003382325172424,0.5596089959144592,0.0003572308924049139,True,False,svm_right_bilstm_wrong,18,4,0.25,1
879,*** lung linh,0,CLEAN,0,CLEAN,loaded_artifact,1,OFFENSIVE,0.0007661238196305931,0.9991829991340637,5.089135447633453e-05,True,False,svm_right_bilstm_wrong,13,5,0.0,0
2368,Khác nào ăn cướp !,0,CLEAN,0,CLEAN,loaded_artifact,1,OFFENSIVE,0.1590247005224228,0.45419347286224365,0.3867819011211395,True,False,svm_right_bilstm_wrong,18,5,0.0,4
2578,Ôi cái đất nước mình,0,CLEAN,0,CLEAN,loaded_artifact,1,OFFENSIVE,0.4859860837459564,0.510951817035675,0.003062119707465172,True,False,svm_right_bilstm_wrong,20,5,0.0,1
2969,cool =))),0,CLEAN,0,CLEAN,loaded_artifact,1,OFFENSIVE,0.22088561952114105,0.7639799118041992,0.01513444259762764,True,False,svm_right_bilstm_wrong,9,5,0.2,0
3437,"Dương Huỳnh Anh, chỗ",0,CLEAN,0,CLEAN,loaded_artifact,1,OFFENSIVE,0.12256661802530289,0.8650829195976257,0.012350429780781269,True,False,svm_right_bilstm_wrong,20,5,0.0,0
4217,Thâu tớm cả cáo 😂,0,CLEAN,0,CLEAN,loaded_artifact,1,OFFENSIVE,0.0587671734392643,0.9391592741012573,0.002073561307042837,True,False,svm_right_bilstm_wrong,17,5,0.2,0
4339,Nát bét bè bẹt 🤣,0,CLEAN,0,CLEAN,loaded_artifact,1,OFFENSIVE,0.02883588708937168,0.9696662425994873,0.0014978012768551707,True,False,svm_right_bilstm_wrong,16,5,0.2,2
4370,thánh vô đjch chém gió,0,CLEAN,0,CLEAN,loaded_artifact,1,OFFENSIVE,0.364391565322876,0.6344493627548218,0.0011590848444029689,True,False,svm_right_bilstm_wrong,22,5,0.2,1
4710,Page mùi kinh :v,0,CLEAN,0,CLEAN,loaded_artifact,1,OFFENSIVE,0.4532517194747925,0.5412213206291199,0.00552696269005537,True,False,svm_right_bilstm_wrong,16,5,0.0,2
5342,Cach noi chuyen NO wa,0,CLEAN,0,CLEAN,loaded_artifact,2,HATE,0.0012129670940339565,0.007646739017218351,0.9911403059959412,True,False,svm_right_bilstm_wrong,21,5,0.0,2
5505,Đậu phộng...,0,CLEAN,0,CLEAN,loaded_artifact,1,OFFENSIVE,0.05120446905493736,0.9469846487045288,0.0018109111115336418,True,False,svm_right_bilstm_wrong,12,5,0.2,0
5596,Ý thức đâu hết rồi,0,CLEAN,0,CLEAN,loaded_artifact,1,OFFENSIVE,0.4801342189311981,0.5197396278381348,0.0001261446304852143,True,False,svm_right_bilstm_wrong,18,5,0.0,1
6186,Ngủi thấy mùi đi tù,0,CLEAN,0,CLEAN,loaded_artifact,1,OFFENSIVE,0.011196521110832691,0.9887087941169739,9.463808964937925e-05,True,False,svm_right_bilstm_wrong,19,5,0.2,3
6308,Nó ngon gì đâuuuu 😎,0,CLEAN,0,CLEAN,loaded_artifact,1,OFFENSIVE,0.4596804678440094,0.5240283608436584,0.016291141510009766,True,False,svm_right_bilstm_wrong,19,5,0.2,1
6335,*ĐÚNG NÓ..,0,CLEAN,0,CLEAN,loaded_artifact,1,OFFENSIVE,0.03871346637606621,0.9508095979690552,0.010476924479007721,True,False,svm_right_bilstm_wrong,10,5,0.0,2
114,hóng bro tét đít thằng tùng,0,CLEAN,0,CLEAN,loaded_artifact,1,OFFENSIVE,0.3155028522014618,0.6842731833457947,0.00022398823057301342,True,False,svm_right_bilstm_wrong,27,6,0.0,3
565,May bede ma rau thay on,0,CLEAN,0,CLEAN,loaded_artifact,2,HATE,0.28785425424575806,0.007058321498334408,0.705087423324585,True,False,svm_right_bilstm_wrong,23,6,0.0,3
954,Thằng to nó núp chứ bạn,0,CLEAN,0,CLEAN,loaded_artifact,1,OFFENSIVE,0.21266624331474304,0.7381969690322876,0.049136802554130554,True,False,svm_right_bilstm_wrong,23,6,0.0,2
1661,Tam sanh cái cỏi ta bà,0,CLEAN,0,CLEAN,loaded_artifact,2,HATE,0.09347474575042725,0.0041536507196724415,0.9023715853691101,True,False,svm_right_bilstm_wrong,22,6,0.16666666666666666,2
1946,Bình chữa cháy có vấn đề,0,CLEAN,0,CLEAN,loaded_artifact,2,HATE,0.4257359802722931,0.0013324671890586615,0.5729315876960754,True,False,svm_right_bilstm_wrong,24,6,0.0,1
